fname,summary
test_0,#Person1#은 Ms. Dawson에게 모든 직원들에게 사내 메모를 보내 모든 통신이 이메일과 공식 메모로만 제한된다는 내용을 알리도록 요청합니다. Ms. Dawson은 정책의 적용 범위와 직원들의 반응에 대해 질문합니다.
test_1,"#Person1#과 #Person2#는 출퇴근 시간의 교통체증에 대해 이야기합니다. #Person1#은 대중교통 이용을 제안하고, #Person2#는 이를 고려하기로 합니다."
test_2,"#Person1#은 #Person2#에게 Masha와 Hero가 이혼 신청을 했다고 전하고, #Person2#는 놀라워한다."
test_3,"#Person1#은 Brian의 생일 파티에 참석하여 그와 춤을 춘다. Brian은 #Person1#의 외모를 칭찬하고, #Person1#은 파티를 칭찬한다."
test_4,"#Person2#는 #Person1#에게 올림픽 스타디움이 6월에 완공될 예정이며, 총 5000석의 좌석이 있다고 설명합니다."
test_5,#Person1#은 회사를 그만두고 자신의 사업을 시작하려고 합니다. #Person2#는 #Person1#에게 사업 계획서를 작성하는 방법을 설명합니다. #Person1#은 그 과정이 복잡하고 번거롭다고 느껴 기존 직업을 유지하기로 결정합니다.
test_6,"#Person2#는 간지러움을 느끼고 있으며, #Person1#은 #Person2#가 수두에 걸렸다고 의심합니다."
test_7,#Person2#는 체크아웃 시 청구서에서 세탁 서비스 요금이 잘못 청구된 것을 발견합니다. #Person1#은 이를 확인하고 수정해 줍니다.
test_8,#Person1#은 스티븐에게 아내가 비서와 바람피운 것을 알게 되어 이혼하려 한다고 말합니다. 스티븐은 #Person1#을 설득하려고 합니다.
test_9,#Person1#과 #Person2#는 아브라함 링컨의 뛰어난 인품에 대해 이야기한다.
test_10,"#Person2#는 허베이로 여행을 가고 싶어 하지만, #Person1#은 황사로 인해 호흡기 감염 환자 수가 증가한다고 경고합니다."
test_11,#Person2#는 Francis의 생일 파티에 참석하여 선물로 원격 조종 자동차 모델을 주었다. Francis는 그 선물을 매우 좋아한다.
test_12,Tony는 부정행위를 하다가 들킨 후 불합격 판정을 받았습니다. Steven은 Tony에게 실수에서 배우라고 조언합니다.
test_13,"#Person1#은 9시 30분 기차를 타기 위해 서둘러야 하지만, #Person2#는 여전히 충분한 시간이 있다고 생각한다."
test_14,"#Person2#는 #Person1#에게 충분한 수면과 운동을 권장하며, 미래에 대해 걱정하지 말라고 조언합니다."
test_15,"#Person1#과 #Person2#는 오늘 밤 Ruojia의 결혼 파티에 참석할 예정이다. #Person1#은 그녀의 트위터를 통해 소식을 알게 되었고, #Person2#는 이메일을 통해 알았다."
test_16,#Person1#과 #Person2#는 스트립 게임을 하면서 재미를 느끼고 있습니다.
test_17,"#Person1#은 마이크에게 그의 여동생 외모, 성격, 지능에 대해 묻습니다."
test_18,"#Person2#는 #Person1#의 체온을 측정하고, #Person1#이 아파서 결석했다고 미리 학교에 연락했어야 한다고 말합니다."
test_19,#Person2#는 #Person1#의 도움으로 새 휴대폰을 구매합니다.
test_20,"프랭크는 주디에게 우체국에서 일하게 되었고, 정부가 제공하는 좋은 건강보험 혜택 때문에 그곳에 지원했다고 설명한다."
test_21,"#Person2#는 #Person1#에게 자신의 기술, 자격증, 사무 기술에 대한 훈련, 그리고 이 직책에 적합한 경력을 설명합니다."
test_22,#Person1#은 #Person2#에게 스테이크가 미디엄 레어로 주문되었으나 만족스럽지 않다고 말합니다. #Person2#는 다른 스테이크를 가져다 주겠다고 약속합니다.
test_23,#Person1#은 Tom에게 그의 소설이 노벨상을 받았다는 소식을 전하며 축하합니다.
test_24,"#Person2#는 #Person1#에게 자신의 자동차 디자인 전공과 과학 석사 학위, 이전 직장에서의 연구 경험을 설명합니다."
test_25,"#Person1#과 #Person2#는 술 마시는 습관에 대해 이야기합니다. #Person1#은 보통 맥주 두 잔을 마시고, #Person2#는 밤새 10잔을 마십니다. #Person2#는 #Person1#에게 칵테일을 추천하지만, #Person1#은 맥주를 선호합니다. #Person2#는"
test_26,"메이의 엄마는 메이에게 소풍 준비를 도와달라고 요청합니다. 메이는 토스트와 치킨 윙을 먹고 싶어하며, 엄마를 위해 과일 샐러드와 크래커를 준비합니다."
test_27,"James는 Muriel Douglas와 새 계정에 대해 논의하기 위해 만났습니다. 그들은 휴일을 어떻게 보냈는지에 대해 이야기합니다. James는 가족과 스키를 타러 갔고, Muriel은 L.A.에서 시간을 보냈습니다."
test_28,"#Person1#은 ATM에서 돈을 인출하려고 했으나, #Person2#의 음성 안내에 따라 실수로 10000달러를 세계 야생동물 재단으로 이체했습니다."
test_29,#Person2#는 #Person1#에게 자신이 사교적이고 직장 동료들과 대화할 때 진심을 전하는 것이 중요하다고 말합니다.
test_30,"Mr. Polly는 가게에서 음료수를 사고 싶지만, 지갑에 돈이 부족합니다."
test_31,프랜시스와 모니카는 금요일 오후에 재무 보고서를 검토하기로 약속했습니다.
test_32,"#Person1#과 #Person2#는 인터뷰 준비 워크숍에서 깔끔한 복장, 친절한 태도, 정직한 대답의 중요성을 논의합니다."
test_33,#Person1#은 #Person2#에게 그녀가 더 이상 #Person2#를 보고 싶어하지 않는 상황에서 #Person2#의 캐릭터가 분노와 슬픔을 동시에 느끼지 않을 것이라고 설명합니다. #Person1#은 #Person2#에게 자신의 방식으로 연기해 보라고 요청합니다.
test_34,"#Person1#은 Mrs. Todd의 정원에서 그녀를 만나 인사를 하고, 가게에서 필요한 물건이 있는지 묻습니다."
test_35,빌은 이번 주에 밤 10시까지 일하면서 피곤해졌습니다. 그의 형은 미국 출장으로 몇 주간 머물고 있습니다. #Person1#은 친구와의 약속 시간을 확인하기 위해 빌의 시계를 봅니다.
test_36,"Simon은 Cleo에게 내일 핵무기 확산을 막는 시위에 가자고 제안하지만, Cleo는 시위가 복잡하고 상처받을 가능성이 있어 거절한다. Cleo는 대신 물리 시험 공부를 하겠다고 한다."
test_37,#Person1#은 #Person2#가 잘못된 사람을 집에 들여보낸 것에 대해 비난합니다.
test_38,"Mark는 Maggie에게 역사 노트를 빌리려 하지만, Maggie는 노트 대신 도서관에서 복사하라고 제안한다. Mark는 수업 중에 졸리다고 하자, Maggie는 스터디 파트너가 되자고 제안한다."
test_39,"#Person2#는 Turner 교수님의 지질학 고급 과목에 등록하고 싶어 하지만, #Person1#은 #Person2#가 너무 이른 나이라고 생각합니다. #Person1#은 #Person2#에게 Burman 교수님께 여쭤보라고 조언합니다."
test_40,#Person1#은 #Person2#의 가게에서 구매한 펜던트가 깨져 새 것으로 교환을 요청합니다.
test_41,"#Person1#은 박싱 데이 세일을 준비하며 옷을 고르고 있지만, #Person2#는 게임을 보고 싶어 합니다. #Person2#는 #Person1#이 계속 옷에 대해 말하는 것에 짜증을 냅니다."
test_42,"#Person1#은 #Person2#에게 TV 뉴스 디렉터나 잡지 작가가 될 것을 제안하지만, #Person2#는 인터랙티브 미디어 분야에서 일하는 것을 선호합니다."
test_43,"#Person1#과 #Person2#는 지루한 연설을 듣고 있다. #Person2#는 지루함을 달래기 위해 음악을 듣고 싶어 하지만, #Person1#은 예의가 아니라고 생각한다. #Person1#은 #Person2#에게 신문을 읽어보라고 제안하지만, #Person2#는 퍼즐을 싫어"
test_44,#Person1#은 사라에게 도시 중심에서 떨어진 곳에 집을 사면 비용을 절약할 수 있다고 제안합니다. #Person1#은 자신의 시누이와 그녀의 남편이 그렇게 집을 샀다고 설명합니다.
test_45,"Mark Leach는 런던에서 정보 담당관으로 일하며, #Person1#과의 인터뷰에서 그의 업무와 영국 방문객에게 하는 제안에 대해 이야기합니다."
test_46,Lin Fang과 Lucy는 좋아하는 과목과 싫어하는 과목에 대해 이야기한다.
test_47,James는 Mrs. Thomas의 뜰에서 낙엽을 치우고 계단을 쓸며 쓰레기를 버렸습니다. Mrs. Thomas는 James에게 그녀의 개를 산책시켜 달라고 부탁합니다.
test_48,#Person1#과 #Person2#는 난방을 꺼도 밤에는 여전히 춥다고 느낍니다.
test_49,#Person1#은 #Person2#에게 그녀가 더 이상 그를 보고 싶어하지 않는 상황에서 #Person2#의 캐릭터가 화를 느끼고 행동해야 한다고 설명합니다.
test_50,#Person2#는 #Person1#을 프렌드쉽 호텔로 빠르게 데려다 줍니다. #Person1#은 요금으로 20위안을 지불합니다.
test_51,"#Person1#은 다른 버스를 타기 위한 돈이 없어 #Person2#에게 돈을 빌려달라고 요청하지만, #Person2#도 돈이 없다. 그래서 #Person2#는 #Person1#에게 버스 기사에게 환승권을 받으라고 제안한다."
test_52,"#Person2#는 #Person1#에게 시내까지의 거리와 주요 회사들, 그리고 회사 식당의 위치에 대해 설명합니다."
test_53,"#Person1#은 #Person2#에게 Lulu가 Vic과 헤어졌고, 전근 신청을 했다고 전합니다."
test_54,"데이브 톰슨이 샐리에게 전화를 걸어 짐과 통화하려 했으나, 짐이 자리에 없었습니다. 샐리는 짐이 곧 돌아올 것이라고 말했고, 데이브는 나중에 다시 시도하겠다고 했습니다."
test_55,#Person2#가 #Person1#에게 시청으로 가는 길을 자세히 안내합니다.
test_56,#Person1#은 여권을 잃어버렸습니다. #Person2#는 #Person1#에게 분실물 보고서를 작성하고 대사관에 연락하여 새 여권을 발급받으라고 조언합니다.
test_57,"Leah는 Nathaniel에게 Ms. Collins가 다음 주까지 전화를 드릴 수 없다고 알리고, 대신 Ms. Fonda와 오늘 오전 11시 30분에 약속을 잡습니다."
test_58,#Person1#과 #Person2#는 Sarah가 Dick 외에 결혼하지 않겠다는 말에 놀랐습니다.
test_59,"#Person1#과 #Person2#는 파티를 즐기고 있으며, #Person2#는 빨간 드레스를 입은 금발 여자에게 관심을 보입니다. #Person1#은 #Person2#에게 그녀에게 말을 걸도록 격려합니다."
test_60,"Jack은 이번 학기 정치학 수업을 좋아하지만, 작년에 들은 비즈니스 커뮤니케이션 수업을 가장 좋아합니다. #Person1#은 그 수업을 듣고 싶어합니다."
test_61,"#Person1#과 #Person2#는 베이징의 날씨에 대해 이야기합니다. #Person2#는 베이징의 가을이 아름답고, 여름은 덥고, 봄은 따뜻하고 짧으며, 겨울은 춥다고 설명합니다."
test_62,"#Person1#이 #Person2#에게 영화 보러 가자고 제안하지만, #Person2#는 공포, 탐정, 코미디, 로맨스 영화를 좋아하지 않습니다. 결국 #Person2#는 전쟁 영화를 보자고 제안합니다."
test_63,"#Person1#은 Adam에게 학교를 안내받으며, 도서관, 새로 지은 고등학교 교실 건물, 그리고 여름에만 개방되는 큰 수영장에 대해 묻는다."
test_64,"#Person1#이 #Person2#에게 임신 소식을 전하고, #Person2#는 기뻐합니다."
test_65,#Person1#과 #Person2#는 John이 한 여자와 데이트하는 빈도에 대해 이야기하고 있습니다.
test_66,#Person1#은 #Person2#에게 소프트웨어에 그림 그리기 프로그램을 추가하고 하드웨어를 업그레이드할 것을 제안합니다.
test_67,#Person2#는 #Person1#에게 자신이 멕시코 출신이며 중국에 출장으로 다녀왔다고 말합니다. #Person1#은 #Person2#가 해외에서 사업을 하시는 모습이 젊어 보인다고 생각합니다.
test_68,#Person1#은 체중 감량을 원하지만 이전의 다이어트는 효과가 없었습니다. #Person2#는 #Person1#에게 운동 수업에 가보라고 제안합니다.
test_69,James는 여덟 명 자리를 예약했으나 방이 준비되지 않아 기다리고 있습니다.
test_70,"#Person2#는 #Person1#에게 공장의 면적, 설립 연도, 직원 수에 대해 설명합니다."
test_71,"#Person1#은 Rebecca에게 그녀의 첫 직장에 대해 묻습니다. Rebecca는 인턴으로 시작하여 주니어 로컬 뉴스 리포터로 승진했고, 2006년에 런던으로 이사하면서 런던 주간지에 입사했습니다."
test_72,"#Person1#과 #Person2#는 조별 발표를 위해 포스터를 만들기 위해 문구점에 가기로 했습니다. #Person1#은 쇼핑 리스트를 작성하고, #Person2#는 #Person1#이 필요한 물건을 찾는 것을 도와줍니다."
test_73,"#Person1#은 Mary에게 인터넷으로 취직 지원하는 방법을 설명하고, 공식적인 사이트를 통해 안전하게 시도할 것을 권장합니다."
test_74,"#Person2#는 쇼핑 예산을 짜고 있으며, 한 달에 300달러만 사용할 계획입니다."
test_75,"Jane은 병원에 가기 위해 13번 버스를 타려고 하지만, Henry는 13번 버스가 시내 중심에서 출발하여 두 마일을 걸어야 한다고 말한다."
test_76,#Person1#은 내년 판매 예측에 대해 논의하기 위해 #Person2#와 다음 주 화요일 오후 2시 30분에 만날 예정입니다.
test_77,#Person2#는 #Person1#에게 '뉴욕에서의 친구'라는 개인 관광 안내 서비스를 추천합니다.
test_78,"#Person2#는 #Person1#의 회사가 이 분야에서 가장 크고 좋은 회사 중 하나라고 생각합니다. #Person2#는 영업부에서 일하고 싶어하며, 현재 직장에서 월 3,000 위안을 벌고 있습니다. #Person1#은 #Person2#에게 시작 월급이 2,500 위안이라고 말합니다. #Person2#"
test_79,"#Person1#은 계약서에 서명하려 하지만, #Person2#는 계약서가 아직 준비되지 않았다고 말합니다. #Person1#은 서둘러 달라고 요청하고, #Person2#는 초안을 검토해 달라고 부탁합니다."
test_80,"#Person1#은 ABC 렌터카에 전화하여 나이아가라 폭포로 가는 중에 발생한 교통사고를 알리고, #Person2#는 구급차와 경찰을 보내기로 합니다."
test_81,#Person2#가 #Person1#에게 학교 보건실로 가는 길을 안내합니다.
test_82,#Person2#는 시끄러운 소음 때문에 #Person1#에게 방을 바꾸고 싶다고 요청합니다. #Person1#은 오늘은 빈 방이 없지만 내일 방을 바꿔주겠다고 약속합니다.
test_83,"#Person1#은 #Person2#를 베이징 호텔로 데려다주고, Mr. Wu가 국제 호텔에서 저녁 연회에 #Person2#를 초대합니다."
test_84,#Person1#은 길을 잃고 #Person2#에게 현재 위치와 유이창으로 가는 방법을 묻습니다.
test_85,#Person2#의 컴퓨터가 작동하지 않습니다. #Person1#은 #Person2#에게 수리공에게 전화하라고 제안합니다.
test_86,"#Person2#는 어머니의 생신 선물로 시계를 찾고 있습니다. #Person1#은 금색 시계를 추천하고, #Person2#는 그것을 구매하기로 결정합니다."
test_87,". 
# Mr. Fisher는 Ms. Ross에게 뉴질랜드에 지점을 열 계획이 있다고 말합니다. 그들은 발표 날짜와 시간을 확인하고, 커피와 점심 전 스낵 뷔페를 준비하기로 합니다.
</think>

Mr. Fisher는 Ms. Ross에게 뉴질랜드에 지점을 열 계획이라고 말합니다. 그들은 발표 날짜와 시간을 확인하고, �"
test_88,"#Person2#는 #Person1#에게 러시아와 캐나다 사이의 주요 차이점에 대해 설명합니다. 러시아에서는 모든 것이 빠르게 진행되지만, 공공 서비스는 느리다고 합니다. 반면 캐나다에서는 정부가 문제를 해결하고 새로운 기술을 활용하여 비즈니스를 운영합니다."
test_89,#Person2#는 #Person1#에게 카리브해로 휴가를 가고 싶다고 말합니다. #Person1#은 카리브해의 날씨가 좋지 않을 수 있다고 경고합니다.
test_90,#Person2#는 #Person1#에게 소풍에 포도를 가져가자고 제안합니다.
test_91,#Person1#은 #Person2#의 도움으로 경제형 차량을 렌트합니다.
test_92,#Person1#과 #Person2#는 사람들이 웃는 것에 대해 서로 다른 의견을 가지고 있다.
test_93,"#Person1#과 #Person2#는 Wallace가 사장이 된 이후 회사의 판매 성장에 대해 논의합니다. 그들은 새로운 마케팅 전략과 광고 캠페인의 효과를 언급하며, 재정적 어려움이 영원히 끝나기를 희망합니다."
test_94,#Person2#는 가방을 잃어버려 돈을 빌려달라고 #Person1#에게 요청합니다. #Person1#은 돈을 빌려주고 집까지 데려다주겠다고 합니다.
test_95,"Lin은 베이징에서의 식사에 대해 Steven에게 감사하며, 중국에서는 팁을 주지 않는다고 설명한다. Steven은 그 시스템이 혁명적이라고 생각한다."
test_96,빌은 룸메이트와 헤어져 이사를 했다고 #Person1#에게 말한다.
test_97,"#Person2#는 Tom Wilson의 체크아웃을 도와주고, 그는 신용카드로 결제합니다."
test_98,"수잔이 캐롤에게 전화를 걸었으나 캐롤이 부재중이라 #Person1#이 대신 전화를 받습니다. 수잔은 파티의 날짜와 장소를 묻고, 디저트 가져오기를 요청합니다."
test_99,"#Person1#은 #Person2#를 어디서 본 적이 있는 것 같다고 생각하지만, #Person2#는 부인합니다."
test_100,"#Person2#는 트럼프를 지지하고 그가 미국을 다시 위대하게 만들 것이라고 믿지만, #Person1#은 바이든을 지지한다."
test_101,#Person2#가 #Person1#에게 ATM 사용 방법을 설명합니다.
test_102,"수잔 밀러는 John에게 사무실 절차에 관한 메모의 위치를 묻지만, John은 기억하지 못한다."
test_103,#Person1#이 #Person2#에게 소풍에 초대합니다. #Person2#는 편한 옷과 걷기 좋은 신발만 준비하면 됩니다.
test_104,#Person2#는 중국에서 식사하는 것이 독특한 경험이라고 생각합니다. #Person1#은 #Person2#에게 젓가락을 밥그릇에 꽂지 말라고 상기시킵니다.
test_105,"Frank와 Mary는 서로 좋아하는 영화 장르에 대해 이야기하고, Mary는 Frank에게 동네의 영화 대여점에 가입할 것을 권유한다."
test_106,"#Person2#는 환경 문제에 관심이 많아 녹색당에 가입할 생각을 했으나, 시간이 없어 가입하지 않았습니다. #Person1#은 작은 정치 단체나 압력 단체가 큰 정당에 영향을 미칠 수 있다고 생각합니다."
test_107,#Person1#은 Wilson 씨에게 상품 문제로 인해 사과하며 책임을 지겠다고 약속합니다. #Person1#은 문제 해결을 위해 포장을 개선할 계획입니다.
test_108,#Person2#는 강도가 은행에 총을 든 채 혼자 들어왔다고 #Person1#에게 말합니다. #Person1#은 #Person2#에게 경찰서에 와달라고 요청합니다.
test_109,#Person2#의 부모님은 일주일에 한 번씩 외식을 하신다. #Person1#과 #Person2#는 저녁으로 피자를 주문하기로 했다.
test_110,"#Person1#은 새해 결심으로 다이어트를 하기로 했지만, #Person2#는 #Person1#의 결심을 믿지 않는다."
test_111,"Karen Huang은 Comp Lit 287 수업에 등록하고 싶어 하지만, #Person1#은 수업이 이미 만원이라고 말합니다. Karen은 비교문학 전공생임을 밝히자, #Person1#은 특별 코드를 제공하여 수업에 등록할 수 있도록 도와줍니다."
test_112,#Person2#가 #Person1#에게 우산을 함께 쓰자고 제안합니다.
test_113,"Jack은 Daisy에게 자신의 새 차를 보여주며, Daisy는 그 차가 빠르고 잘 달린다고 생각한다."
test_114,#Person1#은 #Person2#에게 큰불이 언제 발생했는지 정확한 시간을 묻습니다.
test_115,"#Person1#은 #Person2#에게 905위안이라고 말합니다. #Person2#는 현금으로 900위안만 가지고 있어 5위안을 줄여달라고 요청합니다. #Person1#은 이를 거절하고, #Person2#는 신용카드로 결제합니다."
test_116,"#Person1#은 #Person2#에게 일반 세차 패키지의 세부 사항을 설명하고, #Person2#는 이를 선택합니다."
test_117,#Person1#은 해리에게 올해 어디로 휴가 갈 계획이 있는지 묻는다. 해리는 배로 이집트에 가는 것을 고려 중이지만 아내의 걱정 때문에 아직 결정을 내리지 못했다.
test_118,"�라서요.
#Johnson#은 #Person1#에게 웨이트 기계를 사용하는 방법을 설명하고, 각 기계에 적합한 무게를 설정하는 방법을 알려줍니다. #Person1#은 카드를 사용하여 진도를 추적할 수 있습니다. #Person1#은 7개 기계가 남았지만 지쳐서 #Johnson#에게 나머지 기계에 적합한 설정을 묻"
test_119,"#Person1#과 #Person2#는 실직 상태이며, #Person2#는 #Person1#에게 전기 기술자 프로그램에 지원할 것을 제안합니다."
test_120,#Person1#은 #Person2#에게 강아지의 목욕과 수의사 예약을 상기시킵니다.
test_121,"#Person1#은 집주인에게 200달러를 빚졌고, 에이든에게 돈을 빌리려 한다. 에이든은 돈이 빠듯하지만 20달러를 빌려줄 수 있다고 한다. #Person1#은 에이든을 저녁 식사에 초대한다."
test_122,#Person2#는 #Person1#에게 자선 단체에서 일한 경험과 그로 인해 사고방식에 미친 영향에 대해 이야기합니다.
test_123,#Person2#는 #Person1#에게 전화나 이메일로 연락할 수 있다고 말합니다.
test_124,#Person2#는 #Person1#에게 모우탄과 베이징 오리 구이를 추천합니다.
test_125,"Angela는 Dan에게 다음 주에 친구의 결혼식에 함께 가자고 초대합니다. Dan은 이미 선물을 준비했고, Angela는 Megan도 초대하고 싶어합니다."
test_126,"#Person1#과 #Person2#는 디저트를 먹으며 대화를 나눈다. #Person2#는 전통 그리스 요거트를 먹고 싶어 하고, #Person1#은 이탈리아 티라미수를 먹고 싶어 한다. 그들은 서로의 디저트를 시도해보고, #Person1#은 튀긴 바나나를 사"
test_127,#Person1#은 예일 대학교를 졸업하고 은행에서 일한 Smith 씨와 인터뷰를 진행합니다.
test_128,#Person1#은 조카를 위한 선물로 $32.42에 디지털 바비 인형을 구매합니다.
test_129,#Person1#은 #Person2#가 41 사이즈의 조던 운동화를 구매하는 것을 도와줍니다.
test_130,#Person1#은 과학박물관에 가고 싶어 하지만 길을 잃어버렸습니다. #Person2#는 #Person1#에게 티켓 기계를 사용하는 방법과 기차를 타는 방법을 알려줍니다.
test_131,"사이먼은 '단계적 은퇴' 제도에 참여하여 6개월 동안 휴직한 후, 이전 회사의 프로젝트 업무에 지원할 수 있게 되었다고 #Person1#에게 설명합니다. 사이먼은 다양한 업무를 선택할 수 있고, 회사도 유연성을 얻을 수 있다고 말합니다."
test_132,"#Person1#은 #Person2#에게 파티에서 춤출 것을 권유하지만, #Person2#는 다정하고 모든 필요를 채워주는 여자를 선호하여 거절한다. #Person1#은 #Person2#가 결혼하기 어려울 것이라고 생각하지만, #Person2#는 자신의 생각을 고수한다."
test_133,"#Person1#과 #Person2#는 어젯밤 폭풍에 대해 이야기합니다. #Person2#는 폭풍을 싫어하지만, #Person1#은 불평할 필요가 없다고 생각합니다."
test_134,"#Person1#은 #Person2#와 함께 TV를 보면서 시간을 보내고 싶어하지만, #Person2#는 대부분의 TV 프로그램이 지루하다고 생각하여 외출하여 활동하는 것을 선호합니다."
test_135,"Ben은 새 학교에서의 첫 수업에 대해 긴장하고 있다. #Person1#은 그에게 새 학교 생활에 빨리 적응하라고 격려하며, 학교 일정에 대해 설명해준다."
test_136,#Person1#은 Adam에게 토요일까지 무릎을 쉬고 미시간의 최근 세 경기 영상을 시청하라고 조언합니다.
test_137,#Person1#의 프린터가 고장 나서 #Person2#에게 프린트를 부탁합니다.
test_138,#Person1#이 #Person2#에게 커튼 설치를 도와달라고 요청합니다.
test_139,#Person1#은 Jack에게 주말에 캠핑 가는 날짜를 확인해 달라고 요청합니다.
test_140,"#Person1#과 #Person2#는 서로를 용서하고, #Person1#은 임신 사실을 알립니다. #Person2#는 기뻐하지만, #Person3#의 검사 결과를 듣고 아기가 자신의 아이가 아님을 깨닫습니다."
test_141,#Person2#는 #Person1#에게 딸이 대학에 가는 것에 대해 의견 차이가 있어 걱정된다고 말합니다. #Person1#은 #Person2#에게 딸이 스스로 결정할 수 있도록 격려하라고 조언합니다.
test_142,"#Person1#은 실수로 인해 일자리를 잃을까 봐 걱정하고 있습니다. #Person2#는 #Person1#에게 걱정하지 말라고 하며, 만약 일자리를 잃는다면 함께 살면서 돈을 절약하자고 제안합니다. #Person1#은 이를 긍정적으로 받아들입니다."
test_143,"#Person2#는 #Person1#에게 에딘버러 대학의 박사과정 학생이 #Person2#의 실험실에서 강연을 하기로 했다고 말합니다. 강연 주제는 멀티모달 텍스트 생성, 비디오 요약 생성, 담화 모델링입니다."
test_144,"#Person1#이 #Person2#에게 John네 집에 가자고 제안하지만, #Person2#는 감기에 걸려 집에서 쉬고 싶어 한다."
test_145,Mr. Faber는 요크 호텔에 전화하여 3박 동안 더블 룸을 예약합니다.
test_146,"#Person2#는 #Person1#에게 웨스트 더비를 추천합니다. #Person1#은 저렴한 원룸을 찾고 있으며, #Person2#는 남쪽 더비에서 일하는 친구의 전화번호를 알려줍니다."
test_147,#Person1#과 #Person2#는 교통사고가 발생한 이유에 대해 서로에게 책임을 돌리고 있습니다.
test_148,"Darlene은 100대 컴퓨터 주문이 2일 지연되었다는 사실을 알게 되고, Dan은 공장의 인력 부족으로 인해 지연이 발생했다고 설명합니다. Darlene은 Steve에게 전화를 걸어 상황을 알리려고 합니다."
test_149,"#Person2#는 #Person1#에게 워싱턴 포스트, 뉴욕 타임스, 로스앤젤레스 타임스의 창간 연도를 설명합니다."
test_150,"#Person2#는 컴퓨터에 바이러스가 들어 이메일을 보낼 수 없다고 생각했지만, #Person1#은 첨부 파일이 너무 크다고 판단했습니다. #Person1#은 #Person2#에게 파일을 압축하여 보내라고 조언합니다."
test_151,"#Person1#과 #Person2#는 주말에 즐거운 시간을 보냈고, #Person1#은 #Person2#를 다시 초대합니다."
test_152,"#Person1#은 중국 음식을 먹고 싶어 하고, #Person2#는 Panda Express를 추천합니다."
test_153,"메리는 톰에게 영업직 제안을 철회했다고 알리고, 톰은 다시 고려해 줄 것을 요청합니다."
test_154,"#Person2#가 #Person1#에게 열 번째로 전화를 걸었고, #Person1#은 경찰에 신고하겠다고 경고합니다."
test_155,"한 클래식 음악가나 곡이 있나요?
#Person1#은 #Person2#와의 인터뷰를 마치기 전에 클래식 음악 추천을 요청합니다.
</think>

#Person1#은 #Person2#와의 인터뷰에서 #Person2#가 음악과 예술에서 학사와 석사 학위를 소지하고 있으며, 클래식 음악을"
test_156,#Person2#는 #Person1#에게 같은 건물에 사는 미국 여자에게 반했다고 말합니다. #Person2#는 곧 저녁에 그녀를 초대할 계획입니다. #Person1#은 #Person2#에게 행운을 빕니다.
test_157,"#Person1#은 Mirella가 청바지와 스웨트셔츠를 입고 출근하는 것이 이상하다고 생각하지만, #Person2#는 그녀의 스타일이 캘리포니아의 영향을 받았다고 설명한다. 관리팀은 그녀의 스타일을 수용하지 않으며, 새 하얀 드레스 네 벌을"
test_158,"#Person2#는 자신의 법률 사무소를 열고 싶어하며, #Person1#은 그에게 행운을 빈다."
test_159,"Peter는 Kate에게 어젯밤 온라인에서 음악을 들었고, 지금 피곤해서 쉬어야 한다고 말합니다."
test_160,#Person1#과 #Person2#는 현대 교통수단의 발전으로 인해 배와 보트의 중요성이 줄어든 것에 대해 논의합니다.
test_161,"Fanny는 어젯밤 악몽을 꿨고, 그녀의 엄마가 그녀를 깨웠다. Fanny는 미시간 대학교에 들어가는 것에 대해 걱정하고 있다."
test_162,#Person1#과 #Person2#는 캠퍼스에서 가장 멋진 학생들이 되기 위해 밴드를 시작할 계획이다.
test_163,"#Person1#과 #Person2#는 뉴올리언스에서 즐거운 시간을 보내고 있습니다. #Person1#은 강변 저녁 유람선 투어를 제안했지만, #Person2#는 이미 두 번 다녀왔습니다. 결국 그들은 극장에 가기로 결정합니다."
test_164,#Person1#은 #Person2#의 도움으로 신용카드로 상품을 구매합니다.
test_165,Blake씨는 Foster씨에게 내일 오후에 교육 매뉴얼을 전달하겠다고 했습니다.
test_166,"#Person2#는 이번 금요일에 롱아일랜드를 출발하여 형의 마흔 번째 생일을 솔트레이크시티에서 축하할 예정입니다. #Person2#는 호텔에서 머물며, 파이브 레이크 스트릿과 월 스트리트도 방문할 계획입니다."
test_167,"#Person1#은 비행기를 타기 위해 서두르고 있으며, #Person2#에게 파멜라를 돌봐달라고 부탁합니다. #Person1#은 #Person2#가 진정한 친구라고 생각합니다."
test_168,#Person2#는 #Person1#에게 가장 번화한 거리로 가는 버스를 안내합니다.
test_169,"#Person2#는 #Person1#에게 이슬람에 관한 프로그램을 보고 있으며, 메카로 성지순례를 가는 무슬림들에 대해 설명하고 있다. #Person1#은 다른 종교의 순례에 대해서도 언급하며, #Person2#는 사람들의 믿음이 치유의 역할을 한다고 생각한다."
test_170,#Person2#가 #Person1#에게 중앙 백화점과 국가 은행으로 가는 길을 안내합니다.
test_171,"#Person1#과 #Person2#는 다음 주 며칠 동안 런던에 가는 방법에 대해 논의하고 있다. #Person1#은 기차를 선호하고, #Person2#는 자동차를 선호한다."
test_172,"톰은 점심으로 패스트푸드를 먹었지만 음식이 마음에 들지 않았습니다. 케서린은 집에서 점심을 싸와서 먹었고, 패스트푸드가 건강에 좋지 않다고 생각합니다. 그들은 패스트푸드의 장단점에 대해 이야기합니다."
test_173,"#Person2#는 #Person1#의 도움으로 레모네이드, 바비큐 윙, 베이비 백 립을 주문합니다."
test_174,"#Person2#는 #Person1#의 도움으로 더블 치즈버거, 컬리프라이, 중간 사이즈 펩시를 주문합니다."
test_175,"#Person2#는 #Person1#에게 반숙 계란을 부탁하지만, #Person1#은 프라이드 에그를 준비합니다. #Person1#은 부드럽게 끓인 계란을 너무 익히는 것을 싫어합니다."
test_176,#Person2#가 #Person1#에게 그랜드 호텔로 가는 길을 안내합니다.
test_177,#Person1#은 자신의 아이들에게 미국 경찰의 외모를 보여주기 위해 #Person2#에게 사진을 찍어달라고 요청합니다.
test_178,"#Person1#은 #Person2#에게 내일 빈 방이 없으며, 선셋 호텔에 문의해보라고 제안합니다."
test_179,#Person2#는 미국에 공부하러 가기 위해 비자를 신청했습니다. #Person2#는 #Person1#에게 비자 신청서가 복잡하고 필요한 서류를 준비하는 것이 어려웠다고 말합니다. #Person2#는 서류를 올바르게 작성하지 않거나 필수 서류를 빠뜨려 신청이 거절되는 경우가 많다고 생각합니다.
test_180,"#Person2#가 Anne에게 전화를 걸어 만날 것을 제안하지만, Anne은 거절합니다."
test_181,"Mary는 #Person1#에게 인터넷 쇼핑이 편리하고 저렴하다고 말하며, 온라인 쇼핑 방법을 가르쳐준다."
test_182,"#Person2#는 #Person1#에게 미국식 회계에 익숙하지 않지만, 회계 프로세스의 기본 개념들을 설명합니다."
test_183,"제인은 피터에게 7월 16일부터 23일까지 시안으로 일주일간 여행을 가자고 초대합니다. 비용은 약 2,000위안입니다. 피터는 신장이나 티베트로 가고 싶어하며, 제인은 남서쪽으로 가고 싶어합니다."
test_184,"#Person1#은 #Person2#에게 비디오 대여를 위해 회원 카드를 발급하고, 영화 대여비에 대해 설명합니다. #Person2#는 로맨스 영화를 대여합니다."
test_185,"#Person1#이 Mr. Lee에게 소포를 전달하고, #Person2#는 Mr. Lee에게 전할 말이 있다고 합니다."
test_186,"#Person2#는 #Person1#에게 공항이 닫혀 오늘 밤 비행기가 없으며, 공항 호텔에서 방을 함께 사용해야 한다고 말합니다. #Person1#은 불을 켜 놓지 않으면 잠을 못 자는 습관이 있습니다."
test_187,#Person1#과 #Person2#는 이번 식사 비용을 각자 내기로 했습니다.
test_188,"#Person2#는 성적에 대한 스트레스로 불면증을 겪고 있다. #Person1#은 #Person2#에게 마음을 가라앉히고 쉬는 시간을 가지며, 가벼운 음악이나 클래식 음악을 듣는 것을 제안한다."
test_189,#Person1#은 #Person2#에게 예쁘고 깔끔한 주방을 원한다고 말합니다.
test_190,"Walter는 Professor Wood가 뛰어난 과학자라고 생각하지만, Sterling은 그가 덤벙대는 사람이라고 본다."
test_191,#Person2#는 #Person1#의 검사 결과가 명확하지 않아 더 정확한 정보를 얻기 위해 상담을 예약했습니다.
test_192,"Martin은 Eliza 선생님에게 시험 준비가 잘 되었다고 말하며, 아르바이트를 통해 용돈을 벌고 있다고 설명합니다."
test_193,"#Person1#은 소포를 한국으로 보내고 싶어하며, #Person2#는 더 저렴한 소포 우편 방법을 제안합니다."
test_194,"#Person1#은 호텔 방에서 휴대폰을 찾지 못하고 있습니다. #Person2#는 #Person1#의 여동생에게 전화를 걸어 #Person1#이 핸드폰을 잃어버렸다고 알리고, 빵집에 전화를 걸어 핸드폰을 찾으려고 합니다."
test_195,#Person1#은 #Person2#에게 자신이 미국에서 와서 이곳을 방문했다고 말합니다.
test_196,"#Person1#은 여름 방학 동안 쉬고 싶어 하지만, #Person2#는 여름에 사업 수업을 듣고 삼촌 회사에서 아르바이트를 하며 경험을 쌓을 계획이다."
test_197,#Person2#는 #Person1#에게 오늘 아침 우유를 배달하러 갔다가 정원 문 근처 나무의 큰 가지에 부딪힌 사고를 설명합니다.
test_198,"#Person1#은 #Person2#와의 인터뷰에서 #Person2#가 예전보다 더 열정적이지 않다고 느낍니다. #Person2#는 더 많은 시간을 일하고 더 많은 돈을 벌며, 승진을 준비 중입니다."
test_199,"#Person2#는 #Person1#의 통장 개설을 도와주고, 예금 통장에 이자가 붙지 않는 이유와 출금 방법을 설명합니다."
test_200,"#Person1#은 중국에 처음 와서 중국 음식을 먹고 싶어 한다. #Person2#는 중국의 여덟 가지 유명한 요리 스타일을 소개하고, #Person1#에게 광동 요리를 추천하지만, #Person1#은 베이징 요리를 먹고 싶어 한다. #Person2#는 #Person1#에게 전취덕"
test_201,#Person2#는 배송이 늦어질까 봐 걱정하고 있습니다. #Person1#은 #Person2#에게 가장 큰 고객이기 때문에 다음 달에 오클랜드를 떠나는 첫 배에 주문을 실어주기로 했다고 말합니다.
test_202,#Person1#이 방에서 독서등을 깨뜨려 #Person2#에게 변상을 하기로 했습니다.
test_203,#Person1#과 #Person2#는 2006 회계연도 마케팅 계획에 대해 논의합니다. #Person2#는 젊은 소비자들을 끌어들이고 이미지를 새롭게 바꾸는 것을 목표로 했다고 설명합니다. #Person1#은 목표 달성 여부를 평가하기 위해 고려해야 할 세 가지를 언급하고
test_204,"#Person2#는 #Person1#에게 유럽 여행 계획을 이야기합니다. #Person2#는 파리, 니스, 밀라노, 에든버러를 방문할 예정이며, #Person1#에게 기념품을 사기로 했습니다."
test_205,"Jimmy Fox는 중형차를 예약했으나 이용할 수 없었습니다. #Person2#는 사과하며 작은 차나 SUV를 제안했고, Jimmy는 작은 차와 보험을 선택했습니다."
test_206,"#Person1#이 엄마에게 카드게임을 하자고 요청하고, 엄마는 조심하라고 경고합니다."
test_207,Ann은 Mr. Jones에게 커피를 준비하고 이번 주의 일정을 알려줍니다.
test_208,#Person2#는 지리 수업을 준비하며 세계 지도를 보고 있습니다. #Person1#과 #Person2#는 지도의 흥미로운 점에 대해 이야기합니다.
test_209,#Person2#는 금연 방을 예약했으나 방에 담배 냄새가 심하여 #Person1#에게 방 교체를 요청합니다.
test_210,"Bill은 젖어 있는 페인트에 손을 대었고, John Sampson은 젖어 있는 시멘트를 걸어갔습니다. 작업자들은 표지판을 가지러 갔고, 표지판을 세우려고 젖어 있는 시멘트를 잊어버렸습니다."
test_211,"#Person2#는 #Person1#에게 한 잔 더 하자고 하지만, #Person1#은 이제 가야 한다고 합니다. #Person1#은 #Person2#의 번호를 받아 다음 주에 전화할 예정입니다."
test_212,"Bill은 Jim에게 Dick이 이탈리아에서 돌아온 후 아팠지만, William 박사가 그가 곧 일에 복귀할 수 있다고 말했다고 전한다."
test_213,"#Person2#는 #Person1#에게 상사가 근무 시간을 완전히 통제하고 있으며, 최저임금을 받으면서 야근에 대한 추가 수당도 없다고 말합니다. #Person1#은 #Person2#에게 직장을 그만두라고 조언하지만, #Person2#는 다른 직장을 찾기 어려워 합니다."
test_214,Lisa는 남편 Mark가 바람을 피우고 있다는 사실을 알게 되어 안색이 좋지 않다. #Person1#은 Lisa가 Mark에게 진실을 밝히거나 그녀와의 관계를 끝내지 않으면 이혼할 것이라고 경고한 행동에 동의한다.
test_215,#Person2#의 의사는 #Person2#에게 빨간 고기를 줄이고 식단을 정리하라고 조언했습니다.
test_216,"#Person2#는 #Person1#에게 머물러 달라고 하지만, #Person1#은 떠나기로 결심합니다."
test_217,"#Person2#는 #Person1#에게 도서관 이용 방법을 설명하고, #Person1#은 회화 영어 관련 책 두 권을 대출하려고 합니다."
test_218,"#Person1#과 #Person2#는 좋은 날씨를 즐기며 밖에서 점심을 먹기로 하고, #Person1#은 이번 주말에 해변에 가자고 제안합니다."
test_219,#Person1#은 박물관 내에서 사진 촬영이 금지되어 있어 #Person2#의 카메라를 잠시 보관합니다. #Person2#는 기념품 가게에서 사진이나 엽서를 구매할 수 있습니다.
test_220,"#Person2#는 대출 신청에 대한 정보를 얻기 위해 #Person1#에게 상담을 요청합니다. #Person1#은 대출 조건을 설명하지만, #Person2#의 낮은 신용 점수로 인해 대출이 어려울 수 있음을 알립니다."
test_221,#Person1#은 모니카의 성공적인 발표를 칭찬합니다. 모니카는 여러 부서의 동료들과 경제학 전문가의 도움을 받았다고 말합니다.
test_222,"#Person1#은 톰에게 함께 뛰러 가자고 제안하지만, 톰은 아침에 뛰는 것을 선호합니다. 그들은 내일 아침에 함께 뛰기로 계획합니다."
test_223,#Person1#은 일본 레스토랑에 전화하여 영업 시간과 제공 음식에 대해 문의합니다.
test_224,#Person1#은 Simpson 씨에게 목요일에 점심을 함께 하자고 제안합니다.
test_225,"#Person1#은 데이트 상대와 레스토랑에 가기 위해 #Person2#에게 도움을 요청합니다. #Person2#는 그레이머시 타번을 추천하고, #Person1#은 그곳에 예약을 해달라고 합니다."
test_226,"#Person1#은 #Person2#의 도움으로 계산을 하고 팁을 주려 하지만, #Person2#는 이를 거절합니다."
test_227,"#Person1#과 #Person2#는 각자의 나라에서 인기 있는 스포츠에 대해 이야기합니다. #Person2#의 나라는 축구, 농구, 테니스, 수영, 럭비가 인기이며, #Person1#의 나라는 골프와 럭비가 인기입니다."
test_228,"#Person2#는 핀란드 헬싱키로 가는 가장 저렴한 항공편을 원하며, #Person1#은 하루 전 자정에 출발하는 항공편을 추천합니다. #Person2#는 채식 기내식을 요청합니다."
test_229,"#Person1#은 내일 플로리다로 할머니를 방문할 예정이며, 할머니는 #Person1#을 디즈니 월드에 데려가 주실 계획입니다."
test_230,"#Person2#는 호주를 방문하고 싶어하며, 특히 그레이트 배리어 리프를 보고 싶어합니다."
test_231,"Laura는 외모와 건강을 위해 헬스장에 간다. #Person1#은 주로 걷기를 하며 가끔 자전거를 탄다. Laura는 #Person1#에게 헬스장에 같이 가자고 제안하지만, #Person1#은 거절한다."
test_232,"#Person2#는 #Person1#에게 자신이 시카고에서 태어났고, 1995년에 뮌헨에서 약 2년간 살았다고 말합니다."
test_233,#Person2#는 #Person1#의 새 정장이 좋은 거래라고 생각하지 않습니다.
test_234,"Robin은 Ann과의 인터뷰에서 mountain lake cycle tour가 경주가 아니며, 참가자들이 체력 증진과 재미를 위해 참가한다고 설명합니다. 올해는 최대 참가자 수인 1200명이 등록했으며, 단계적 출발이 도입되었습니다."
test_235,#Person2#는 #Person1#의 도움으로 젓는 컴파리와 싱어를 주문합니다.
test_236,#Person1#은 #Person2#에게 점심을 사주며 번지 점프 경험을 공유합니다. #Person2#는 #Person1#이 이상하다고 생각합니다.
test_237,#Person1#은 #Person2#에게 노르망디 상륙작전에 대한 정보를 찾는 데 도움을 요청합니다. #Person2#는 #Person1#에게 웹사이트를 추천합니다.
test_238,"#Person1#은 #Person2#에게 체형 관리를 위해 가벼운 무게로 시작하고, 철봉 운동 전에 스트레칭을 하라고 조언합니다."
test_239,#Person2#는 #Person1#에게 캠퍼스 내 학생 주차 건물을 안내합니다.
test_240,"Emily는 미국에서 받은 첫 급여에 대해 궁금한 점이 있어 Susan에게 상담을 요청합니다. Susan은 급여 명세서의 맨 위부터 시작하여 FICA와 SUI 세금, Medicare와 건강 보험 계획에서의 공제에 대해 설명합니다."
test_241,#Person2#는 #Person1#에게 자판기에서 간식을 사는 방법을 설명합니다.
test_242,"#Person2#는 #Person1#에게 겨울 방학에 태국에 있는 여자친구를 만나러 갈 것이라고 말합니다. 그들은 인터넷을 통해 몇 달 동안 알고 지내며, 다음 달에 약혼할 계획입니다."
test_243,"제임스는 케이트의 새 가구를 칭찬하지만, 케이트의 카펫은 예전 것처럼 보인다고 말한다. 케이트는 카펫을 두 번 청소했다고 설명한다."
test_244,"#Person2#가 Bill에게 하루 운동 일정표를 설명하지만, Bill은 모든 운동에 부정적인 반응을 보인다."
test_245,"#Person1#은 과학 과목에 등록할지 고민하고 있으며, #Person2#는 올해 졸업을 위해 과학 과목이 필요하다고 조언한다."
test_246,"Tim은 #Person1#에게 자신의 프로젝트와 더 환경친화적인 삶을 사는 방법에 대해 이야기합니다. Tim은 친구들 중 환경을 위해 노력하는 사람들이 많다는 것을 알게 되었고, 학교에서 재활용 종이를 사용하며 과제를 전자적으로 제출할 것을 추천할 계획입니다."
test_247,#Person1#은 토니에게 크리스마스 전에 쇼핑센터에서 겪은 불쾌한 경험을 이야기합니다.
test_248,"Sue는 알레르기를 피하기 위해 특정 음식을 피하고 있어서 Bill의 생일 케이크를 먹지 못한다. Bill은 레스토랑에서 스프를 가져다주겠다고 제안하고, Sue는 나중에 함께 가자고 한다."
test_249,"#Person2#는 여름 옷을 찾고 있으며, #Person1#의 도움으로 티셔츠와 치마를 구매합니다."
test_250,"#Person1#은 표를 받으러 왔으나, #Person2#는 #Person1#의 예약이 취소되었다고 알립니다."
test_251,#Person1#과 #Person2#는 부활절에 가족이 모두 모였다고 이야기합니다. #Person2#는 어른들이 아이들을 집에 두고 파티를 한다고 설명합니다.
test_252,"#Person1#은 #Person2#에게 토니가 나쁜 습관이 생겼다고 말합니다. #Person2#는 #Person1#에게 애정과 인내심, 존중을 가지고 토니를 대하라고 조언합니다."
test_253,"#Person1#은 #Person2#에게 친구 Julie와 Alex가 결혼할 예정이며, Alex의 들러리가 총각 파티를 준비 중이라고 말합니다. #Person2#는 처음에는 불편해하지만, 자신의 친구 Wendy의 결혼 파티를 준비 중이라는 사실을 알게 됩니다."
test_254,"#Person1#은 #Person2#에게 신분증 확인 후 투표용지를 제공하고, 투표 부스로 가라고 안내합니다."
test_255,"#Person1#과 #Person2#는 회사가 곧 인원 감축을 할 것이라는 소식을 듣고, 누가 잘릴지에 대해 이야기합니다. 그들은 조지, 앤디, 리사, 마이클이 잘릴 가능성이 낮다고 생각하지만, 결국 #Person1#은 자신이 잘릴 것이라는 사실을 깨닫습니다."
test_256,"#Person1#과 #Person2#는 중국 드라마 '중국식 이혼'에 대해 이야기하며, 이혼율 증가와 젊은 세대의 빠른 결혼 및 이혼 경향에 대해 논의한다."
test_257,"#Person1#과 #Person2#는 여행 예산을 계획하며, 교통비와 호텔비를 줄이기 위해 청년호스텔을 고려합니다."
test_258,#Person1#은 #Person2#에게 메리가 파리에서 제로드와 결혼했다고 전합니다.
test_259,#Person2#는 지갑을 잃어버려 #Person1#에게 돈을 빌립니다. #Person1#은 금요일에 갚겠다고 약속합니다.
test_260,"#Person1#은 #Person2#에게 주요 공급업체 두 곳이 합병한다는 소식을 전하고, #Person2#는 그 소식을 믿기 어려워한다."
test_261,"조는 톰의 새 조수가 거만하다고 생각하지만, 톰은 그녀가 모두에게 잘한다고 생각한다."
test_262,"Sarah는 회의에서 제안이 받아들여지지 않아 속상해하고 있다. #Person1#은 회의 주재자인 Bob이 강한 성향을 가지고 있다고 말하며, Sarah에게 짧고 간결하게 의견을 전달하라고 조언한다."
test_263,"#Person2#는 #Person1#에게 메카로 순례를 가는 무슬림들에 대해 설명합니다. #Person1#은 여러 신앙의 순례에 대해 언급하며, #Person2#는 루르드에서의 치유에 대해 이야기합니다."
test_264,"Ted는 Jenny에게 데이트 신청할 용기가 없고, Mike는 그에게 감정을 표현하라고 격려한다."
test_265,#Person2#는 #Person1#에게 화를 풀기 위해 클래식 음악을 듣거나 운동을 하라고 조언합니다.
test_266,"#Person1#은 #Person2#에게 뉴질랜드에 있는 가족에 대해 묻고, #Person2#는 #Person1#의 외삼촌 Bill과 그의 두 의붓딸에 대해 설명합니다."
test_267,#Person1#은 Stuart 씨가 도시 마라톤에서 우승한 것을 축하합니다.
test_268,"#Person2#는 면세점에서 아이들과 아내를 위한 선물을 고르고 있습니다. #Person1#은 스니커즈와 향수를 추천하고, #Person2#는 스니커즈 5켤레와 향수 한 병을 구매합니다."
test_269,#Person1#은 영국으로 전화를 해야 하지만 로밍 요금이 비싸서 홍이 현지 SIM 카드 사용을 제안합니다.
test_270,"#Person2#는 월급을 받고 있으며, Mr. Brown은 #Person2#에게 초기에는 한 달에 2,500위안을 주겠다고 제안합니다."
test_271,"#Person1#과 #Person2#는 Barry와 그의 형 Paul에 대해 이야기합니다. #Person2#는 자신이 수줍음이 많다고 생각하지만, #Person1#은 그렇지 않다고 생각합니다."
test_272,#Person1#은 파사디나나 아카디아에 3개의 침실과 2개의 화장실이 있는 중간 크기의 집을 구매하려고 합니다. #Person2#는 며칠 내로 #Person1#에게 연락할 것입니다.
test_273,Grant 씨는 샘플을 보고 다음 주에 결정을 내리기로 했습니다.
test_274,#Person2#는 #Person1#에게 PHS에서 페어 오크스와 오렌지 그로브에 있는 Sons으로 가는 버스 경로를 안내합니다.
test_275,Mr. Lee가 Mrs. Word를 집까지 차로 데려다 줍니다.
test_276,"#Person1#은 #Person2#의 몸을 검사한 후, 어깨 엑스레이를 찍기 위해 병원에 머물러야 한다고 제안합니다."
test_277,#Person2#가 IBA 고객 서비스에 전화를 걸어 신용카드를 분실했다고 알립니다. #Person1#은 #Person2#를 도와주겠다고 약속합니다.
test_278,"#Person1#은 잠시 낮잠을 자려고 하며, #Person2#는 저녁 준비를 하기 위해 6시에 #Person1#을 깨우겠다고 제안합니다."
test_279,"#Person2#는 중국 음식을 주문하고 #Person1#의 도움으로 음료를 선택합니다. #Person2#는 밸류 밀과 고추장을 추가로 요청하고, 고기의 종류를 묻습니다."
test_280,"#Person1#과 #Person2#는 식당에서 줄을 서고 있습니다. #Person1#은 크림 케이크를 먹고 싶어하고, #Person2#는 크림 케이크를 좋아하지 않습니다."
test_281,"#Person1#은 Lucy에게 노래를 불러달라고 하지만, Lucy는 Stanley를 기다리고 싶어 한다. 결국 #Person1#은 Stanley를 위해 엘비스의 노래를 틀기로 한다."
test_282,#Person1#과 #Person2#는 DVD 산업이 영화관에 미치는 영향에 대해 논의한다.
test_283,"#Person2#는 가볍고 산뜻한 드레스를 찾고 있으며, #Person1#은 하얀색 면 드레스를 추천합니다."
test_284,Joshua는 아빠에게 용돈을 받으려 하지만 아빠는 깜빡했다고 합니다. Joshua는 아빠에게 침대 밑에 있는 비밀 돈통을 사용하라고 제안합니다.
test_285,#Person1#과 #Person2#는 Mike의 생일 파티 초대장을 받았습니다. #Person1#은 Mike에게 전화하여 파티 시작 시간을 확인할 예정입니다.
test_286,"#Person1#은 소포를 우선우편으로 보내고 싶어하며, #Person2#는 보험 가입 여부를 묻고 우표 구매 장소를 안내합니다."
test_287,"#Person1#과 #Person2#는 태풍이 지진만큼 심각하지 않다고 생각합니다. #Person2#는 중국이 지진이 자주 발생하는 이유를 설명하고, #Person1#은 중국이 역사를 통해 많은 파괴적인 지진을 겪어왔다고 언급합니다."
test_288,"#Person1#과 #Person2#는 추운 날씨에 대해 이야기합니다. #Person1#은 따뜻한 날씨를 선호하고, #Person2#는 곧 봄이 올 것이라고 말합니다."
test_289,"#Person1#과 #Person2#는 배구 경기가 끝난 후 올림픽 기념품 가게에 가기로 했습니다. #Person1#은 가족 선물로 올림픽 마스코트를 사고 싶어하며, #Person2#는 다양한 기념품을 추천합니다."
test_290,#Person1#은 #Person2#의 도움으로 가벼운 나무 손잡이와 뚜껑이 있는 알루미늄 팬을 구매합니다.
test_291,#Person1#과 #Person2#는 퇴근 후에 만나기로 했습니다.
test_292,"#Person1#은 Mr. Becker에게 워싱턴의 관료들이 그들의 직업을 좋아하는 이유를 묻고, Mr. Becker는 급여와 근무 조건이 매력적이라고 설명합니다."
test_293,"#Person1#은 Pete와 Henry Johnson을 소개합니다. Pete는 뉴욕 출신이고, Henry는 베이징에서 1년 넘게 근무한 브루클린 출신입니다. 그들은 저녁 계획을 논의하며, 노래방 대신 맥주를 마시러 가기로 결정합니다."
test_294,Julie는 Mr. Jones에게 식중독으로 인해 지난 일주일 동안 아팠다고 설명합니다. 그녀는 친구들에게 노트 필기를 부탁하고 인터넷에서 수업 자료를 다운로드하여 수업을 따라가고 있습니다.
test_295,"#Person1#의 친구들이 오늘 오후에 방문할 예정이다. #Person1#은 Mike에게 음료수와 설탕을 사오고, 커피를 준비해 달라고 부탁한다."
test_296,"#Person2#는 런던에서 베를린까지 19시간이 걸린 버스 여행을 마쳤습니다. #Person1#은 비행기가 더 빠르고 편리하다고 생각하지만, #Person2#는 환경 보호를 위해 버스를 선택했습니다."
test_297,"#Person1#은 #Person2#에게 여행과 사람 만나는 것을 좋아하는지, 외국어를 할 수 있는지, 대중 연설을 잘하는지 묻습니다."
test_298,지미는 제니와 빌의 피크닉 초대를 받아 베이하이 공원에서 즐거운 시간을 보냈습니다. 에이미는 그에게 책을 돌려주기 위해 전화했습니다.
test_299,"#Person1#은 #Person2#에게 차를 마시자고 제안하지만, #Person2#는 정원에 물을 주어야 한다고 합니다. 비가 내리기 시작하자 #Person2#는 대신 차를 마실 수 있게 됩니다."
test_300,#Person1#은 #Person2#에게 긴급 회의를 최대한 빨리 소집하라고 요청합니다.
test_301,#Person1#은 #Person2#가 편지를 등기로 보내는 데 도움을 줍니다.
test_302,"#Person1#은 Mr. Smith에게 항생제와 증상 완화 크림을 처방하고, 약국에서 할인받을 수 있다고 안내합니다."
test_303,"#Person1#은 #Person2#에게 종이 공예품, 자수, 바틱을 추천합니다. #Person2#는 자수를 보고 싶어합니다."
test_304,#Person1#은 #Person2#에게 에펠탑의 높이와 이름의 유래에 대해 설명합니다.
test_305,"#Person1#은 Brian에게 영어 능력, 미국 체류 기간, 그리고 가본 적 있는 지역에 대해 질문합니다."
test_306,"#Person2#는 누군가의 지각에 대해 걱정하고 있으며, #Person1#은 #Person2#를 안심시킨다."
test_307,"#Person1#은 #Person2#에게 일을 계속하면 큰일이 날 것이라고 경고하지만, #Person2#는 동의하지 않습니다."
test_308,"#Person1#과 #Person2#는 John이 한 여자와 데이트하는 빈도에 대해 이야기하며, 그들이 좋은 커플일 것이라고 생각한다."
test_309,"#Person1#과 #Person2#는 런던의 역사적인 장소들에 대해 이야기합니다. 그들은 넬슨 기념탑, 웨스트민스터 사원, 템즈강 근처의 보우디카 동상, 런던 타워, 마담 투소 밀랍 인형 박물관을 언급합니다."
test_310,"다니엘은 #Person2#에게 과학을 가장 좋아하는 과목이라고 말한다. #Person2#는 다니엘이 장난꾸러기라고 생각하지만, 다니엘은 자신이 영리하다고 주장한다."
test_311,"#Person2#는 #Person1#을 위해 베이비 샤워를 준비했습니다. #Person1#은 #Person2#, 베티, 칼라로부터 턱받이, 유모차, 식탁의자, 카시트, 놀이펜, 침대를 받았습니다."
test_312,#Person1#은 중국 관광을 원하지만 #Person2#는 시간이 없다.
test_313,Tim과 Karren은 즐거운 대화를 나눈 후 작별 인사를 나눈다.
test_314,#Person2#는 #Person1#에게 Michael이 새 오토바이를 샀다고 말합니다. #Person2#는 자전거가 더 안전하다고 생각하여 오토바이보다 자전거를 선호합니다.
test_315,#Person2#는 #Person1#에게 중국어 외에 영어와 프랑스어를 할 줄 안다고 말합니다. #Person2#는 영어 실력이 일반 사무직에 충분하다고 생각합니다.
test_316,"앤디가 타일러 집에 전화를 걸었고, 낸시가 메모를 남기기로 했습니다."
test_317,#Person1#은 뉴욕행 513편 비행기가 취소되었다는 사실을 알게 됩니다. #Person2#는 #Person1#에게 내일 비행기를 예약해 주고 50% 할인을 제공합니다.
test_318,"#Person1#과 #Person2#는 점심으로 버거 퀸에 가서 치즈버거, 밀크셰이크, 감자튀김을 먹기로 했습니다. #Person1#은 #Person2#에게 치즈버거가 기다릴 만하다고 말합니다."
test_319,#Person1#은 #Person2#에게 초과 수하물 요금을 지불하고 라벨을 붙이도록 안내합니다.
test_320,"#Person1#은 목이 마르고 탄산음료를 마시고 싶어 하지만, #Person2#는 탄산음료가 건강에 좋지 않다고 하며 물을 마시라고 제안합니다."
test_321,AB 회사의 Wang Miao가 매니저 Liang의 사무실에 전화를 걸어 Mr. Green이 내일 일정 변경으로 인해 사과를 전달합니다.
test_322,"#Person1#은 30 사이즈의 에나멜 가죽 구두를 찾고 있으며, #Person2#는 신발이 늘어날 것이라고 설명합니다."
test_323,"Benjamin은 프로젝트 보고서를 어떻게 써야 할지 몰라 고민하고 있다. #Person1#은 Benjamin에게 보고서의 내용과 형식에 대해 설명하고, 마이크로소프트 워드 사용을 도와준다."
test_324,"#Person2#는 중간 크기 피자를 주문하려 했으나, #Person1#의 추천으로 해산물 피자를 얇은 도우로 주문합니다."
test_325,"#Person1#은 새우 칵테일, 계란 수프, 스테이크, 양파 곁들임, 블랙커피, 미네랄 워터를 주문합니다."
test_326,"#Person1#은 #Person2#에게 거실, 주방, 화장실에 대해 설명합니다."
test_327,"#Person2#는 #Person1#의 가게에서 구매한 개인 스테레오에 스크래치와 소음 문제로 불만을 제기합니다. #Person1#은 교환을 제안하지만, #Person2#의 영수증에 문제가 있다고 합니다."
test_328,"#Person1#은 #Person2#에게 기숙사 보증금 납부를 서두르라고 상기시킵니다. #Person2#는 기숙사가 시끄러워 교외에서 살고 싶어 하지만, #Person1#은 비용 절감을 위해 기숙사에서 도서관에서 공부하는 것을 제안합니다."
test_329,"#Person1#과 #Person2#는 중고 서점에서 책을 둘러보고 있습니다. #Person1#은 1893년에 누군가가 메모를 적어둔 책을 발견하고, 그 책의 가치를 높게 평가합니다. #Person2#는 75센트짜리 책을 사는 것이 더 낫다고 생각합니다."
test_330,#Person1#은 #Person2#를 중앙 테이블로 안내합니다. #Person2#는 친구를 기다리기 위해 20분 후에 음식을 준비해 달라고 요청합니다.
test_331,#Person1#은 아들에게 중요한 증명서가 들어 있는 편지를 보내고 싶어합니다. #Person2#는 등기 우편이나 배달 증명 우편을 추천합니다.
test_332,"Tom은 Sally와 John에게 1월에 방문할 것이라고 알리며, 그들이 도착하면 역에서 만나기로 했다."
test_333,#Person1#과 #Person2#는 도서관의 컴퓨터 사용에 불편함을 느끼고 있다.
test_334,"#Person1#과 #Person2#는 좋은 날씨를 즐기고 있습니다. #Person2#는 이번 주말에 소풍을 가자고 제안하지만, #Person1#은 일기예보가 비가 올 것이라고 하여 망설입니다."
test_335,#Person2#는 #Person1#에게 컴퓨터 관련 잡지를 찾는 방법을 안내합니다.
test_336,"#Person2#는 프렌치 가든 레스토랑에서 웨이터의 도움으로 물 한 병, 참치 샌드위치, 야채 수프를 주문합니다."
test_337,"#Person2#는 #Person1#의 도움으로 레모네이드, 바비큐 윙, 베이비백 립스를 주문합니다."
test_338,"#Person1#은 #Person2#에게 커피를 식사와 함께 제공하고, 디저트는 나중에 주문할 수 있다고 안내합니다."
test_339,"#Person1#과 #Person2#는 Eric의 데이트 신청에 대한 반응, 복권 당첨 후 계획, 그리고 #Person1#의 엄마에게 결혼을 알리면 어떤 반응을 받을지에 대해 이야기한다."
test_340,#Person1#은 #Person2#에게 새 강아지 사진을 보여준다. #Person2#는 강아지가 귀엽다고 생각한다.
test_341,#Person1#은 #Person2#에게 Jane 이모가 Tom에게 새 자전거를 사줬다고 말합니다. #Person2#는 Tom이 #Person1#보다 더 얌전하다고 생각합니다. #Person1#은 언젠가 큰 차를 사서 교통 체증을 피할 계획입니다.
test_342,"#Person1#은 #Person2#에게 최신 유행 치마를 추천하고, #Person2#는 가격이 너무 비싸다고 생각합니다."
test_343,"#Person2#는 #Person1#에게 #Person2#의 도시가 200년 전에는 작은 마을이었고, 근처에서 발견된 석탄 덕분에 산업 중심지로 성장했다고 설명합니다."
test_344,"#Person1#과 #Person2#는 대기 오염, 열대우림 파괴, 사막화와 같은 환경 문제에 대해 논의합니다. #Person1#은 환경 보호를 목표로 하는 조직에 가입할 것을 제안하고, #Person2#도 이에 동의합니다."
test_345,#Person1#은 #Person2#에게 채팅방에서 16살 소녀로 남자들과 대화하며 온라인 친구를 사귀었다고 말합니다. #Person2#는 #Person1#에게 좋은 의사를 찾으라고 조언합니다.
test_346,"Nathan은 여름 방학 동안 시카고에서의 실습을 기대하고 있다. #Person1#은 그가 혼자 남게 될까 걱정하지만, Nathan은 자신감을 보인다."
test_347,#Person2#는 #Person1#의 도움으로 3일 동안 토요타 카롤라를 빌립니다.
test_348,"#Person2#는 #Person1#에게 뉴욕 방문 시 유엔 본부와 브로드웨이를 방문하고, 콜럼비아 대학교와 뉴욕 대학교에 대해 알아보라고 조언합니다."
test_349,#Person2#는 #Person1#의 필름 현상을 6시간 후에 해주기로 했습니다.
test_350,#Person1#의 비행기가 폭우로 인해 지연되었습니다. #Person2#는 #Person1#에게 최신 항공편 방송을 잘 듣도록 상기시킵니다.
test_351,#Person2#는 #Person1#에게 경찰관에게 북경대학의 위치를 물어보라고 조언합니다.
test_352,"#Person2#는 #Person1#에게 오늘의 날씨, 은행 강도 사건, 스포츠 결과에 대해 이야기합니다."
test_353,"#Person1#은 컴퓨터 게임이 너무 폭력적이라고 생각하지만, #Person2#는 게임을 통해 컴퓨터 사용법을 배울 수 있다고 주장한다."
test_354,"#Person1#은 저녁 후 맥주를 마시자고 제안하지만, #Person2#는 건강에 좋지 않다고 생각한다. #Person2#는 대신 체육관에 가서 운동을 하자고 제안하고, #Person1#은 이에 동의한다."
test_355,#Person1#과 #Person2#는 식당에서 닭발과 하우스 레드 와인을 주문합니다.
test_356,"#Person1#은 #Person2#에게 가이드 경험이 있는지 묻고, #Person2#는 외국인 관광객을 안내한 경험을 설명합니다."
test_357,#Person1#이 Jack의 체크인을 도와줍니다.
test_358,"질이 마크에게 전화를 걸어 그가 어제 데이빗의 생일파티에 참석하지 못한 이유를 묻고, 빌의 아내가 딸을 낳았다는 소식을 전합니다."
test_359,"#Person1#이 #Person2#에게 여러 번 외출을 제안했지만, #Person2#는 남편 때문에 거절합니다."
test_360,#Person2#는 #Person1#에게 Cal Ripken이 홈런을 쳐서 볼티모어가 이기고 있다고 말합니다. 그들은 야구 경기를 보면서 즐거운 시간을 보내고 있습니다.
test_361,#Person2#는 #Person1#의 도움에 대해 감사의 인사를 전합니다.
test_362,"#Person2#는 #Person1#에게 #Person2#의 나라가 구리를 주로 수출하고, 철과 알루미늄을 수입한다고 설명합니다. #Person2#의 나라에서는 귀석 매장량이 발견되었으며, 정부는 이를 활용해 자금을 확보하려고 노력하고 있습니다."
test_363,"#Person1#은 미술관 방문을 좋아하고, #Person2#는 가끔 미술 전시회에 간다. #Person1#은 그리스와 로마 조각 전시회에 가기로 했고, #Person2#도 함께 가기로 했다."
test_364,#Person2#는 #Person1#의 도움으로 책을 반납하고 비디오를 대출합니다.
test_365,"#Person1#은 #Person2#에게 볼링 게임이 10프레임으로 구성되어 있으며, 각 프레임에서 두 번 볼을 던질 수 있다고 설명합니다."
test_366,#Person2#는 #Person1#에게 은행과 증권사 간의 돈 이체 서비스와 주식 투자자에게 제공되는 추가 혜택에 대해 문의합니다.
test_367,#Person2#는 #Person1#에게 짐을 맡기기 위해 약간의 요금과 보증금이 필요하다고 설명합니다. #Person1#은 이에 대해 생각해보겠다고 합니다.
test_368,"#Person1#은 #Person2#에게 뷔페 요금, 음식 위치, 음료 추가 요금에 대해 설명합니다."
test_369,#Person2#는 해외 유학을 위한 적절한 대출 정보를 찾고 있습니다. #Person1#은 #Person2#에게 대출 가능 여부와 나이 제한에 대해 설명합니다. #Person2#는 부모님과 상의한 후 다시 연락할 예정입니다.
test_370,#Person2#는 #Person1#에게 영어 노래가 수록된 책이 있다고 안내합니다.
test_371,#Person1#은 #Person2#에게 신문사에 지원하신 이유를 묻습니다.
test_372,#Person1#과 #Person2#는 회사에 이메일을 보내 인터뷰 결과를 직접 문의할 계획입니다.
test_373,#Person1#은 #Person2#의 집을 방문하여 마당을 둘러봅니다. #Person2#는 나무 가지에 걸린 옥수수 귀에 대해 설명합니다.
test_374,#Person1#은 호텔에서 40분 후에 체크아웃할 예정입니다. #Person2#는 #Person1#의 짐을 보관소에 보관할 수 있지만 신용카드가 필요하다고 설명합니다.
test_375,"봤거든. 
#Person1#은 브랜든의 컴퓨터를 꺼버린다. 

</think>

브랜든은 #Person1#에게 새로운 웹사이트가 글쓰기 실력을 무료로 향상시켜준다고 말하며 가입하려고 합니다. #Person1#은 웹사이트가 신뢰할 수 없어 보인다고 생각하고 브랜든의 컴퓨터를 꺼버립"
test_376,"#Person1#과 #Person2#는 교장이 새 실험실 건물을 짓기로 결정했는지에 대해 논의합니다. #Person2#는 아직 결정이 내려지지 않았다고 생각하지만, #Person1#은 교장이 지역 정부의 도움을 받을 것이라고 믿습니다."
test_377,"#Person1#은 신용카드를 사용할 수 있게 되어 기뻐하지만, #Person2#는 신용카드 사용 시 주의할 점을 상기시킨다."
test_378,"#Person1#은 Mr. Smith에게 두 마을 중 하나를 선택하도록 요청합니다. Mr. Smith는 산간 지역의 마을을 선호하며, #Person1#은 그를 위해 일찍 일어나도록 계획합니다."
test_379,"#Person2#는 #Person1#에게 스트레스와 우울함을 풀기 위해 오이를 먹고 푹 쉬어야 한다고 말합니다. #Person2#는 치어리더가 되는 꿈을 포기했고, 딸을 키우면서 가장 좋았던 점은 아이를 바라보는 것이라고 합니다. #Person2#는 변호사가"
test_380,"#Person2#는 열 살 때부터 우표 수집에 관심이 있었고, 최초의 우표에 대해 #Person1#에게 설명합니다. #Person1#은 우표 수집이 부자들만 누릴 수 있는 취미라고 생각합니다."
test_381,"#Person1#은 Tom을 인터뷰하며 그의 성공적인 사업가로서의 경력, 회사 자금 조달 방법, 생활 방식의 녹색 측면, 그리고 낭비적인 행동에 대해 질문합니다."
test_382,"#Person2#는 #Person1#에게 40대 남성의 이동 경로에 대해 설명합니다. 남성은 새벽 1시 30분에 클럽을 떠났고, 오전 2시 15분까지 어디에 있었는지는 확인되지 않았습니다. 그는 보행자 지하도에서 발견되었으며, 사망 원인은 여러 차례의 두부 외상입니다"
test_383,"Sherry는 내년 여름에 친구의 결혼식에 참석하기 위해 퀘벡에 갈 예정이다. Bob은 Sherry에게 몬트리올과 퀘벡 시티에 대해 설명하고, 프랑스어를 연습하라고 조언한다."
test_384,"톰은 제인에게 학생 센터에서 수영을 하자고 제안하지만, 제인은 리포트를 작성해야 한다. 톰은 그릴에서 저녁을 먹고 도서관 근처에서 함께 시간을 보내자고 제안하고, 제인은 이에 동의한다."
test_385,#Person1#은 의사가 처방한 약을 복용했음에도 불구하고 허리가 여전히 아프다고 불평합니다.
test_386,#Person1#이 Fred에게 200위안을 빌려달라고 요청합니다. Fred는 급하게 갚을 필요가 없다고 말합니다.
test_387,#Person1#은 글씨를 더 잘 쓰기 위해 몇 주 동안 연습했지만 변화가 없어 불평합니다. #Person2#는 #Person1#에게 끈기 있게 계속 연습하라고 격려합니다.
test_388,"#Person2#는 속눈썹을 올리고 있지만, #Person1#은 그것이 위험하다고 생각한다."
test_389,"#Person2#는 주말 운전 강좌에 대해 #Person1#에게 문의합니다. #Person1#은 강의 일정, 강사, 훈련 시간 및 훈련 차량에 대해 설명합니다."
test_390,"티나는 8년 동안 피아노를 배우고 있으며, #Person1#은 그녀의 피아노 선생님에게 배우고 싶어 한다."
test_391,"#Person1#은 #Person2#와의 인터뷰에서 #Person2#의 강점, 약점, 그리고 5년 후의 목표에 대해 질문합니다. #Person1#은 #Person2#가 적합한 인재라고 판단합니다."
test_392,Stephanie는 심한 두통과 피로를 호소하고 있습니다. George는 Miss Jenkins에게 보고서 제출 기한 연장을 요청할 것을 제안합니다.
test_393,"#Person1#은 #Person2#에게 시골 호텔에서 크리스마스를 보내자고 제안하지만, #Person2#는 뉴욕에서 Barbara의 파티에 참석하고 싶어 한다."
test_394,"Bob은 지난 주말에 댄스 파티에 갔고, #Person1#은 토요일에 쇼핑을 하고 일요일에 테니스를 쳤습니다. Bob은 이번 주말에 #Person1#과 테니스를 치고 싶어합니다."
test_395,#Person1#이 #Person2#에게 50달러를 빌려달라고 요청합니다. #Person2#는 #Person1#에게 행운을 가져다주길 바라며 동의합니다.
test_396,"#Person1#은 #Person2#에게 식당에서 재킷과 넥타이 착용을 요청합니다. #Person2#는 자신의 것을 가져오기 위해 호텔로 돌아가야 하며, #Person1#은 회의 시작 시간을 9시 30분으로 연기합니다."
test_397,"#Person2#는 #Person1#에게 아이들이 휴양 캠프에서 견학, 요트, 등반, 승마 같은 스포츠 활동을 했고, 마지막 날에는 바비큐 파티를 했다고 말합니다."
test_398,#Person2#는 직장을 그만두고 컴퓨터 프로그래밍 수업을 듣고 싶어 합니다. #Person1#은 #Person2#가 가족 사업을 시작할 때 도울 수 있을 것이라고 생각합니다.
test_399,칼리나는 클락 교수님께 전화를 걸어 교통사고로 인해 아침 문학 수업에 결석할 것임을 알립니다.
test_400,"#Person2#는 세입자 권리 옹호 센터에 전화를 걸어 집주인과의 문제를 상담합니다. 집주인은 수리 비용을 지불하지 않겠다고 했고, #Person2#는 이에 대해 불공평하다고 생각합니다."
test_401,"#Person1#은 #Person2#에게 도쿄에서 온 수출 L/C를 전달하고, #Person2#는 서명만 해달라고 요청합니다."
test_402,Myrdal이 지갑을 잃어버렸습니다. Charlie는 Myrdal과 함께 핫도그 가판대로 다시 가보자고 제안합니다.
test_403,"#Person1#은 지난주 내내 설거지를 했고, 이번 주는 #Person2#가 설거지를 하기로 했습니다."
test_404,"#Person1#은 #Person2#에게 이 관계가 어디로 가고 있는지 묻고, #Person2#는 #Person1#을 사랑한다고 답합니다."
test_405,#Person1#과 #Person2#는 정부가 직면한 사회 문제에 대해 논의하고 있습니다.
test_406,"#Person1#은 다음 주 토요일에 가면무도회 파티를 위해 의상을 고르기 위해 #Person2#에게 쇼핑을 함께 가자고 요청합니다. #Person2#는 파티가 컨트리 테마라는 것을 알고, 캐나다 기마경찰 의상을 추천합니다."
test_407,"#Person2#는 #Person1#에게 춤추러 가자고 제안합니다. #Person1#은 빠른 음악과 디스코 댄스를 좋아합니다. #Person2#는 #Person1#에게 왈츠를 추자고 하지만, #Person1#은 다음 춤은 쉬겠다고 합니다."
test_408,"#Person1#은 농부가 되고 싶어하며, #Person2#는 농부가 되려면 많은 훈련이 필요하다고 생각합니다. #Person2#는 농장에서 휴가를 보내고 싶어합니다."
test_409,"#Person1#은 #Person2#에게 하이네켄 한 파인트와 버드 반 파인트, 그리고 나초와 모짜렐라 스틱을 주문합니다."
test_410,"Mary는 #Person1#에게 Ann과의 큰 싸움에 대해 이야기한다. Ann의 남자친구가 계획을 잡아 여행을 취소하게 되었고, Mary는 Ann이 남자친구의 말을 지나치게 따르는 것에 화가 났다. #Person1#은 Mary에게 사소한 일로 우정을 방해하지 말라고 조언한다."
test_411,#Person2#는 #Person1#에게 담배와 기념품을 판매하는 가게와 화장실의 위치를 안내합니다.
test_412,"Tom과 Catherine은 영화 'Fast Food Nation'에 대해 이야기하며, 미국의 패스트푸드 문화에 대해 논의한다. 그들은 패스트푸드가 편리함을 추구하는 생활 방식을 반영한다고 생각하지만, 사람들이 건강한 선택을 하지 않는다고 느낀다."
test_413,"#Person1#은 #Person2#에게 요금을 받고, 버스가 그리니치 빌리지와 워싱턴 스퀘어 공원으로 가는 것에 대해 설명합니다."
test_414,"#Person1#과 #Person2#는 9-11 테러 공격 당시 각자의 위치에 대해 이야기합니다. #Person1#은 뉴욕에서 삼촌을 잃었고, #Person2#는 베이징에 있었습니다."
test_415,Karl과 그의 아내는 시카고에서 미네소타로 이사 와서 Chuck Jones와 인사를 나눈다. Karl은 미네소타로 이사한 이유를 설명한다.
test_416,"#Person2#는 #Person1#의 도움으로 완숙한 달걀, 진하게 구운 토스트, 오렌지 주스를 나중에 주문합니다."
test_417,"#Person1#은 피곤해서 먼저 자러 가고, #Person2#는 가계부 정리를 끝내고 싶어 한다. #Person1#은 #Person2#에게 지하실 문을 닫아달라고 부탁한다."
test_418,#Person1#이 Jane에게 다음 주 월요일 오후 3시에 만나서 아이디어를 논의하자고 제안합니다.
test_419,"보세요.
#Person1#: #Person1#은 #Person2#가 여자친구에게 줄 5주년 기념 선물을 고르는 것을 도와줍니다. #Person2#는 프로포즈를 결심하고 약혼반지를 고르기로 합니다.
</think>

#Person1#은 #Person2#가 여자친구에게 줄 5주년 기념 선물을 고르는 것을 도와줍니다"
test_420,"#Person1#은 오래된 Ford Pinto를 교환하고 싶어하며, #Person2#는 Ford Focus를 추천합니다. #Person2#는 #Person1#에게 차량의 장점을 설명하고, #Person1#은 시승을 해보기로 합니다."
test_421,"#Person1#은 Ballam 씨에게 컴퓨터 엔지니어 직책을 제안합니다. Ballam 씨는 초봉이 낮다고 생각하여 월 4,000 위안을 요구하고, #Person1#은 이를 수락합니다. Ballam 씨는 다음 주 월요일에 출근할 예정입니다."
test_422,"#Person1#은 #Person2#에게 계약의 혜택을 설명하고, #Person2#는 이를 긍정적으로 평가합니다. #Person1#은 #Person2#에게 내일 오전 10시에 서류 작업을 완료하자고 제안합니다."
test_423,#Person1#이 배가 고파서 #Person2#가 땅콩버터와 잼 샌드위치를 만들어 먹으라고 제안합니다.
test_424,#Person2#는 #Person1#의 백혈구 수치를 확인하기 위해 혈액을 채취합니다.
test_425,Steven은 전기가 나가서 Sellers 씨에게 도움을 요청합니다. Sellers 씨는 Steven에게 퓨즈를 확인하고 교체하라고 안내합니다.
test_426,"Paula는 집주인 Ms. Connors와의 문제 해결을 위해 #Person2#에게 도움을 요청하고, #Person2#는 그녀를 도와주겠다고 동의한다."
test_427,"#Person1#과 #Person2#는 사무실의 에어컨, 화장실 변기, 전기 배선 문제에 대해 불평합니다."
test_428,"#Person1#과 #Person2#는 모두 실직 상태이며, #Person2#는 #Person1#에게 전기공 견습생 프로그램을 추천합니다."
test_429,#Person1#은 #Person2#에게 사장님과의 관계와 사장님의 강점에 대해 묻습니다.
test_430,Tang 씨는 #Person1#에게 자신의 자격증과 외국어 능력을 설명합니다.
test_431,#Person2#는 #Person1#의 도움으로 순금 시계를 구매합니다.
test_432,Tom은 딸이 열이 나서 병원에 데려가야 해서 Sara에게 아들을 잠시 맡아달라고 요청합니다. Sara는 이를 수락합니다.
test_433,"Amy는 #Person1#에게 첫 직장이 총지배인 비서였고, 이후 인사부장으로 승진했다고 말합니다."
test_434,"본 적이 없어. 
#Answer#:
</think>

#Person1#은 #Person2#가 크리스마스 이후로 체중이 많이 쪘다고 지적합니다. #Person2#는 스팸메일에서 정보를 얻어 와후 다이어트에 등록했다고 말합니다. #Person1#은 #Person2#가 사기당했다고 생각합니다."
test_435,브라운 컬리지의 그렉 손더스가 메리에게 전화하여 대학 스포츠에 관심이 있는지 묻습니다. 메리는 농구와 배구를 한다고 답합니다.
test_436,#Person1#은 #Person2#의 택시를 타고 기차역으로 이동합니다. #Person1#은 #Person2#에게 천천히 운전해 달라고 요청합니다.
test_437,"#Person1#은 Brian에게 영어 수준, 미국에 머문 기간, 그리고 가본 미국 지역에 대해 질문합니다."
test_438,#Person2#는 새로운 건강 보험에 가입하기 위해 연례 건강검진을 받으러 왔습니다. #Person1#은 #Person2#에게 기본 검사와 피검사의 내용을 설명합니다.
test_439,"#Person1#과 #Person2#는 복권에 당첨되었을 때의 계획에 대해 이야기합니다. #Person1#은 전 세계를 여행할 계획이고, #Person2#는 아내와 아이들을 위해 정원이 있는 큰 집을 사고 싶어합니다. 그들은 현실로 돌아와서 한 잔 더 하기로 합니다."
test_440,"#Person1#은 결혼에 대한 두려움을 털어놓고, #Person2#는 #Person1#을 위로하며 결혼에 대한 긍정적인 생각으로 이끌어냅니다."
test_441,"#Person1#은 #Person2#에게 예전 명함과 동일한 디자인으로 2,000장의 명함을 인쇄해 달라고 요청합니다."
test_442,"브라이언은 #Person1#에게 6시에 #Person1#의 집으로 데리러 가겠다고 말합니다. 또한, 공항에서 전무님이 #Person1#을 만나러 오실 것이라고 알립니다."
test_443,#Person1#은 Paul을 추수감사절 저녁 식사에 초대합니다. Paul은 초대에 감사하며 파이와 와인을 가져가기로 합니다.
test_444,존은 수잔에게 이번 주말에 사촌을 대학 캠퍼스로 데려가며 그녀에게 캠퍼스를 보여주고 싶어 한다. 그들은 토요일 날씨에 따라 계획을 조정하기로 한다.
test_445,"#Person1#과 #Person2#는 저녁 수업 정보를 보고 있다. 그들은 꽃꽂이, 사진, 이탈리안 와인, 홈페이지 디자인, 인도 요리 강좌에 대해 이야기한다. #Person1#은 #Person2#에게 인도 요리 강좌에 전화해 자리가 남아 있는지 확인해보라고 제안한다."
test_446,#Person1#과 #Person2#는 브리짓과 아서의 음식 취향을 고려하여 내일 저녁에 캐럿츠에 가기로 결정합니다.
test_447,"Gene는 이번 토요일에 운전면허 시험을 보러 간다고 #Person1#에게 말한다. Gene은 운전 연습을 하고 있으며, 시험을 통과하면 2016년형 혼다 어코드를 사려고 한다."
test_448,"#Person2#가 #Person1#에게 펜을 보여주고, #Person1#은 카드로 펜을 구매합니다."
test_449,#Person2#는 #Person1#에게 #Person2#의 회사가 미국 암 학회를 위한 마라톤을 후원한 기금 모금 행사가 성공적으로 진행되었다고 설명합니다.
test_450,#Person2#가 #Person1#에게 피크 트램까지 가는 길을 안내합니다. #Person1#은 그 길을 적어두고 싶어 합니다.
test_451,"#Person1#은 #Person2#에게 백단향 부채를 추천하고, #Person2#는 작은 부채 두 개와 큰 부채 하나를 구매합니다."
test_452,#Person2#는 #Person1#에게 외부 요인과 내부 요인이 회사에 미치는 영향에 대해 설명합니다.
test_453,"#Person2#는 오늘 오후 2시에 준비 회의를 시작할 예정이며, #Person1#은 3시쯤에 참석할 예정입니다."
test_454,#Person1#은 #Person2#에게 강을 따라가는 하루 코스를 추천합니다.
test_455,"#Person2#는 #Person1#의 도움으로 비프버거, 프렌치프라이, 바나나 맛 밀크셰이크를 주문합니다."
test_456,"#Person1#과 #Person2#는 등불 축제를 즐기고 있습니다. #Person2#는 #Person1#에게 등불에 적힌 수수께끼를 푸는 것이 전통이라고 설명합니다. 그들은 큰 용 등불을 발견하고, 그 등불에는 중국 시가 적혀 있습니다."
test_457,"#Person1#은 Tina에게 면접 두 라운드를 통과했다고 알리고, Tina는 #Person1#을 축하하기 위해 저녁에 만나기로 한다."
test_458,팀과 카렌은 즐거운 대화를 나눈 후 작별 인사를 나눈다.
test_459,"#Person1#은 #Person2#에게 Julie에게 문구류를 요청하고, 복사기는 #Person1#의 사무실 근처에 있다고 안내합니다. #Person1#은 부서 회의에서 주로 업무 진행 상황을 논의한다고 설명합니다."
test_460,#Person1#은 #Person2#에게 목욕을 위한 버튼 사용법과 다른 스위치 사용법을 알려달라고 요청합니다.
test_461,#Person1#은 #Person2#에게 베스트셀러 책의 위치와 기차에서 시간을 보내기 좋은 책 추천을 요청합니다.
test_462,#Person1#은 #Person2#에게 78세의 새로운 이민자 친구에게 읽는 법을 가르쳐달라고 요청합니다. #Person1#은 #Person2#가 가르치는 것을 잘한다고 생각합니다.
test_463,#Person1#은 #Person2#의 도움으로 티켓을 받고 카드로 결제합니다.
test_464,"#Person2#는 저녁으로 냉동 피자를 먹을 계획이었지만, #Person1#이 건강한 요리 방법을 가르쳐주겠다고 하여 매운 치킨 커리를 준비하기로 합니다."
test_465,#Person2#는 #Person1#에게 IC 전화기와 동전 전화기의 사용 방법을 설명합니다.
test_467,#Person1#은 돈이 부족하여 중고 컴퓨터를 사려고 합니다. 톰은 중고 물건을 구매할 때 주의가 필요하다고 조언합니다.
test_468,"Morgan은 #Person1#에게 중국 도시에서는 남은 음식을 포장해 가는 것이 흔하지 않다고 말한다. #Person1#은 음식 낭비를 걱정하지만, Morgan은 중국에서는 많이 주문하는 것이 전통이라고 설명한다."
test_469,"해리는 중국의 길거리 시장에서 흥정을 하지 않아서 비싸게 물건을 샀다고 #Person2#에게 불만을 토로한다. #Person2#는 흥정이 자유 무역의 규칙이라고 말하며, 해리에게 물건의 진짜 가치를 미리 알아보라고 조언한다."
test_470,"#Person2#는 영어에 능숙하며, 프랑스어와 일본어도 할 줄 압니다."
test_471,"#Person2#는 새 계좌를 개설하고 싶어 합니다. #Person1#은 #Person2#에게 당좌예금과 저축예금을 동시에 개설할 수 있는지 묻고, 오버드래프트 최대 한도와 벌금에 대해 설명합니다."
test_472,#Person2#는 #Person1#에게 설탕 3봉지를 구매할 때마다 특별 할인 쿠폰을 받을 수 있다고 설명합니다. #Person1#은 쿠폰 3장을 받기 위해 9봉지의 설탕을 구매하기로 결정합니다.
test_473,Mrs. Robinson은 Steve가 Johnny와 함께 부엌 청소를 도와준 것에 대해 감사 인사를 전합니다.
test_474,"#Person2#는 기차표를 잃어버렸고, #Person1#은 구매 증빙이 없어 새로운 표를 구매해야 한다고 설명합니다. #Person2#는 소프트 슬리퍼를 선택하고 지갑에서 돈을 찾습니다."
test_475,"Ann은 '웰빙 인 더 에어' 프로그램을 통해 뉴욕 여행 중 시차 적응을 잘 했다고 #Person1#에게 설명합니다. Ann은 프로그램에 포함된 건강한 식사와 운동을 했으며, 다른 승객들은 샴페인을 선호했습니다."
test_476,"Mary는 Tom에게 맥도날드에서 일하고 있지만 다른 일을 찾고 있다고 말한다. Tom은 자신의 아버지 회사에서 여름 동안 일할 사람들을 채용할 예정이라고 말하며, Mary에게 시도해 보라고 제안한다."
test_477,해리는 #Person1#에게 차에 치일 뻔한 끔찍한 경험을 털어놓는다. 그는 이제 신문을 읽으며 길을 건너기로 결심한다.
test_478,#Person1#은 '비즈니스 월드' 프로그램에서 새로 자전거 가게를 인수하고 설립한 Steven Kayne 씨를 인터뷰합니다. Steven 씨는 자신의 가게를 운영하고 싶었던 이유와 가게 운영 방식에 대해 설명합니다.
test_479,#Person1#과 #Person2#는 자신들이 중년인지에 대해 논쟁을 벌입니다.
test_480,"#Person1#은 #Person2#에게 디저트를 추천하고, #Person2#는 애플 크리스프와 초콜릿 무스 케이크, 차 네 잔을 주문합니다."
test_481,"침대를 가져가고, 스피커는 카운터 위와 침대 옆 바닥에 두자.
</think>

#Person1#과 #Person2#는 침대, 스테레오, 책상을 배분하기 위해 동전 던지기를 합니다. #Person2#는 아래층 침대를 얻고, #Person1#은 창가 책상을 얻습니다. 그들은 스�"
test_482,#Person2#는 Mr. Murray가 도서관 카드를 신청할 수 있도록 도와줍니다.
test_483,"#Person2#는 보통 9시부터 5시까지 일하며, 초과 근무 수당 대신 계약 가치에 따라 보너스를 받습니다. #Person2#는 점심시간과 커피 브레이크를 가지며, 주로 정보를 컴퓨터에 입력하고 이메일이나 네트워크로 정보를 전달합니다."
test_484,"#는 #Person1#에게 세탁기 사용 방법을 알려주고, #Person1#은 비누를 너무 많이 사용합니다. #Person2#는 #Person1#이 세탁을 처음이라고 듣고 놀랍니다. #Person1#은 대만 출신이라 엄마가 세탁을 해주셨기 때문입니다.
</think>

#Person2#는 #Person1#에게 세탁기 사용 방법을 알려줍니다"
test_485,#Person1#과 #Person2#는 최근 바쁜 일상에 대해 이야기한다.
test_486,#Person1#은 평가서를 바탕으로 Katie에게 근무 태도에 대해 피드백을 제공합니다.
test_487,"#Person1#과 #Person2#는 할아버지의 생신을 맞아 깜짝 파티를 계획하고 있습니다. #Person1#은 할머니가 케이크를 준비할 것이며, #Person2#는 샐러드를 준비할 예정입니다. 그들은 할아버지에게 책을 선물하기로 결정했습니다."
test_488,"Gian Luca Donatelli는 스페인 출신이며, Gina는 핀란드 출신의 프리랜서 기자입니다. Gian은 Gina에게 자신의 친구를 소개할 예정입니다."
test_489,"Kathy는 노스캐롤라이나 산에서 새울음 소리가 시끄럽다고 느낍니다. #Person2#는 Kathy에게 새들이 주로 산 근처에 있으며, 캘리포니아에는 없을 것이라고 설명합니다."
test_490,"#Person2#는 칠면조 샌드위치와 치즈, 채소 소고기 수프, 다이어트 콜라를 주문합니다."
test_491,James는 David에게 빌려준 재킷을 기다리고 있다. #Person1#은 James에게 카메라와 쿠키를 챙기라고 상기시킨다.
test_492,테드는 장인어른과 장모님과 함께 휴가를 보내는 것이 불편해서 집에 머물 계획이다. #Person1#은 남편과 함께 중국에 갈 예정이다.
test_493,#Person1#이 #Person2#에게 오늘 오후에 영화를 보러 가자고 제안합니다. #Person2#는 영화를 보고 맥도날드에 가자고 합니다.
test_494,"#Person2#의 집에 도둑이 들었고, #Person1#은 #Person2#를 위로합니다."
test_495,Jack은 Charlie에게 학교가 끝난 후 자신의 집으로 와서 새로운 비디오 게임을 함께 하자고 초대한다.
test_496,#Person2#는 #Person1#에게 시골 음악에 관심을 가지게 된 계기와 라디오 방송국에서 일하게 된 과정을 설명합니다.
test_497,"Alice는 #Person1#에게 세탁기와 건조기의 사용 방법을 설명합니다. #Person1#은 비누를 너무 많이 사용하고, 세탁을 한 번도 해본 적이 없다는 사실을 알게 됩니다."
test_498,Steve는 임대가 끝나는 곳을 떠나기 위해 새로운 집을 찾고 있다. Matthew는 Steve에게 Mrs. Thou의 아파트를 보여줄 수 있다고 제안한다.
test_499,Frank는 승진을 축하하기 위해 친구들을 초대한 파티에 Betsy를 초대합니다. Betsy는 파티를 기대하고 있습니다.
